#,Journey,Article,Item to confirm,File,Owner,Answer
1,Getting started,How to log in to Meridia,A red message appears at the top after clicking Sign in — The email or password was not accepted. Re-enter them carefully (check Caps Lock). The message text comes from the server [CONFIRM exact wording].,01-Getting-started/01-how-to-log-in.md,,
2,Getting started,How to log in with a verification code (MFA),"On the Verify your identity screen, check your email for a 6-digit code. [CONFIRM: delivery is email per the screen text ""Enter the code sent to your email""]",01-Getting-started/02-how-to-log-in-with-verification-code-mfa.md,,
3,Your account,How to view your profile and account details,"These details are read-only. To change your name, email or role, contact your Meridia account administrator or support. [CONFIRM: admin/support process]",02-Your-account/01-how-to-view-your-profile.md,,
4,Library,"How to add a vessel, port or zone to your Library","To remove an item, open the same search, find it, and click Added to Library again. [CONFIRM: other ways to remove]",03-Library/02-how-to-add-to-library.md,,
5,Vessels,How to open and read a vessel page,"Select the Vessels tab. [CONFIRM] how a vessel is found or selected from this tab (search box, list rows) because that screen is outside this page's code.",04-Vessels/01-how-to-open-and-read-a-vessel-page.md,,
6,Vessels,How to open and read a vessel page,Next Port shows Destination and ETA. [CONFIRM] the source and freshness of this data.,04-Vessels/01-how-to-open-and-read-a-vessel-page.md,,
7,Vessels,How to open and read a vessel page,"PurpleTRAC screening and MTI score show an ""Unlock"" message with ""Available on request."" if your account or user is not entitled to them. Hover over it and select More about PurpleTRAC or More about MTI for details and contact information. [CONFIRM: the app shows a hover card with these links, not a Contact us box]",04-Vessels/01-how-to-open-and-read-a-vessel-page.md,,
8,Vessels,How to open and read a vessel page,The header shows a refresh control. [CONFIRM] its label; it reloads the date range used for the map.,04-Vessels/01-how-to-open-and-read-a-vessel-page.md,,
9,Vessels,How to open and read a vessel page,"An error page appears instead of the vessel — Check the IMO number in the address, then try again. [CONFIRM] exact error text.",04-Vessels/01-how-to-open-and-read-a-vessel-page.md,,
10,Vessels,How to switch between vessels,The Library tab shows up to 20 vessels you have added to your Library. [CONFIRM] whether vessels beyond 20 are expected to be listed.,04-Vessels/02-how-to-switch-between-vessels.md,,
11,Vessels,"How to view vessel details, save a vessel and use Ask IQ",Next to each ownership name is a company search icon. [CONFIRM: what the company search shows],04-Vessels/03-how-to-view-vessel-details-and-save-a-vessel.md,,
12,Vessels,"How to view vessel details, save a vessel and use Ask IQ",No notification or subscription setting is shown on the vessel page. [CONFIRM: whether vessel alerts exist elsewhere],04-Vessels/03-how-to-view-vessel-details-and-save-a-vessel.md,,
13,Vessels,"How to view vessel details, save a vessel and use Ask IQ",No export button appears on the vessel page in this code. [CONFIRM],04-Vessels/03-how-to-view-vessel-details-and-save-a-vessel.md,,
14,Vessels,"How to view vessel details, save a vessel and use Ask IQ",Data sources and refresh frequency for these fields are not shown. [CONFIRM],04-Vessels/03-how-to-view-vessel-details-and-save-a-vessel.md,,
15,Vessels,How to view a vessel's track on the map,The toolbar shows the vessel's next port and ETA when available. [CONFIRM] data source.,04-Vessels/04-how-to-view-a-vessels-track-on-the-map.md,,
16,Vessels,How to view a vessel's track on the map,No track appears — Try a longer period. [CONFIRM] how vessels with no positions are shown.,04-Vessels/04-how-to-view-a-vessels-track-on-the-map.md,,
17,Vessels,How to replay a vessel's movements,Dragging the slider pauses playback. [CONFIRM] whether the replay restarts from the dragged point.,04-Vessels/05-how-to-replay-a-vessels-movements.md,,
18,Vessels,How to read the event timeline and Gantt chart,"Both views show the same events and use the same date range. Events come from port calls, zone events, AIS gaps, STS pairings, positional discrepancies and Port State Control inspections. [CONFIRM: exact event sources and how often they refresh]",04-Vessels/06-how-to-read-the-event-timeline.md,,
19,Vessels,How to read the event timeline and Gantt chart,"Arrival and departure events at the same place are joined into one bar, and so are zone entry and exit. An arrival with no matching departure appears as a thin mark. [CONFIRM: how an arrival still in progress is intended to look]",04-Vessels/06-how-to-read-the-event-timeline.md,,
20,Vessels,How to read the event timeline and Gantt chart,"There are no zoom buttons. The chart spaces days automatically for the range you choose (a short range is stretched out, a long range is compressed). Scroll sideways and up or down to move around. [CONFIRM: whether zoom controls are planned]",04-Vessels/06-how-to-read-the-event-timeline.md,,
21,Vessels,How to read the event timeline and Gantt chart,The Gantt chart button is greyed or does nothing — The replay bar is disabled when the vessel has no events in the range. [CONFIRM],04-Vessels/06-how-to-read-the-event-timeline.md,,
22,Vessels,How to view and filter vessel events,"To see more columns, open the Columns panel on the side of the table and tick the columns you want. [CONFIRM: where the Columns tab appears on screen]",04-Vessels/07-how-to-view-and-filter-vessel-events.md,,
23,Vessels,How to view and filter vessel events,Clicking a Zone Entry or Zone Exit row opens that zone's page. Clicking a port event row opens that port's page. Other event types do nothing when clicked. [CONFIRM: that Area Arrival and Area Departure rows open the port page],04-Vessels/07-how-to-view-and-filter-vessel-events.md,,
24,Vessels,How to view and filter vessel events,"In Export, you choose Event type and Date range (Today, Yesterday, Last 7 Days, Last 30 Days, Last 90 Days or a custom range) and select Request export. When the file is ready it appears in Notifications or Downloads. [CONFIRM: file format and whether the export covers other columns]",04-Vessels/07-how-to-view-and-filter-vessel-events.md,,
25,Vessels,How to view and filter vessel events,"A type seems missing — Each type is fetched separately. If one request fails, only that type is left out. Select Refresh. [CONFIRM: no error message is shown for a failed type]",04-Vessels/07-how-to-view-and-filter-vessel-events.md,,
26,Vessels,How to read the events tables,Zone Type — The kind of area the event relates to. [CONFIRM: values shown],04-Vessels/08-how-to-read-the-events-tables.md,,
27,Vessels,How to read the events tables,"Navigational Status (Status) — Hidden. The status the vessel reported, such as at anchor. [CONFIRM: wording]",04-Vessels/08-how-to-read-the-events-tables.md,,
28,Vessels,How to read the events tables,"Event type: STS Pairing. A pairing is a period when this vessel was close to another vessel, which may indicate a ship-to-ship transfer. [CONFIRM: definition used by the data provider]",04-Vessels/08-how-to-read-the-events-tables.md,,
29,Vessels,How to read the events tables,STS Type — Hidden. The category of pairing. [CONFIRM: possible values],04-Vessels/08-how-to-read-the-events-tables.md,,
30,Vessels,How to read the events tables,"Draught Change — Hidden. Difference in reported draught across the gap, in metres. Can hint at loading or unloading. [CONFIRM: sign convention]",04-Vessels/08-how-to-read-the-events-tables.md,,
31,Vessels,How to read the events tables,Event type: Positional Discrepancy. A period when the vessel's reported position disagreed with other evidence of where it was. [CONFIRM: how discrepancies are detected],04-Vessels/08-how-to-read-the-events-tables.md,,
32,Vessels,How to read the events tables,"The code also contains separate, longer column sets for each event type. They include Port Name, Sub Type, Zone Name, Started At, Stopped At, Stopped Reporting At, Resumed Reporting At, Gap Duration (hours), Expanded Inspection, Follow up Inspection and similar. They are not used in the vessel Events tab. [CONFIRM: whether they appear anywhere else]",04-Vessels/08-how-to-read-the-events-tables.md,,
33,Vessels,How to read the events tables,"Speed, Course, Heading and Draught can show 0 when the data source gave no value. [CONFIRM]",04-Vessels/08-how-to-read-the-events-tables.md,,
34,Vessels,How to read the events tables,Export files include all available columns and use UTC times. [CONFIRM: export column list],04-Vessels/08-how-to-read-the-events-tables.md,,
35,Vessels,How to understand the MTI score for a vessel,"The gauge colours run red, orange, yellow, light green and green from low to high. The screen shows no named risk bands or thresholds. [CONFIRM: any official score bands or what counts as a good or poor score]",04-Vessels/09-how-to-understand-the-mti-score.md,,
36,Vessels,How to understand the MTI score for a vessel,"How the score is calculated, and how often it is refreshed, is not shown on screen. [CONFIRM]",04-Vessels/09-how-to-understand-the-mti-score.md,,
37,Vessels,How to understand the MTI score for a vessel,"The breakdown and ranking comparison are not shown in the app. The box says they are Available on request – select More about MTI to learn more and find contact details [CONFIRM: the app shows a hover card with a More about MTI link, not a Contact us box].",04-Vessels/09-how-to-understand-the-mti-score.md,,
38,Vessels,How to run PurpleTRAC screening on a vessel,"The Overall row shows one badge: Ok (green), Warning (amber), Critical (red) or Unscored (grey). [CONFIRM: exact meaning of each result and what triggers Warning or Critical]",04-Vessels/10-how-to-run-ptrac-screening.md,,
39,Vessels,How to run PurpleTRAC screening on a vessel,The screening runs again each time you expand the section for a vessel that has no screening currently running. [CONFIRM: whether each run is saved or counted against a screening allowance],04-Vessels/10-how-to-run-ptrac-screening.md,,
40,Vessels,How to run PurpleTRAC screening on a vessel,The code behind the screen says results are kept if you navigate away. [CONFIRM: how long results are retained and where to find them later],04-Vessels/10-how-to-run-ptrac-screening.md,,
41,Vessels,How to run PurpleTRAC screening on a vessel,"A box named Get the full breakdown says you can see every check behind the result (sanctions, PSC history, ship movement and more). It is marked Available on request – select More about PurpleTRAC to learn more and find contact details [CONFIRM: the app shows a hover card with a More about PurpleTRAC link, not a Contact us box].",04-Vessels/10-how-to-run-ptrac-screening.md,,
42,Vessels,How to run PurpleTRAC screening on a vessel,Result is Unscored — The screen gives no reason. [CONFIRM],04-Vessels/10-how-to-run-ptrac-screening.md,,
43,Vessels,How to search for company details from a vessel page,"If you closed the window while a search was running, the result is saved and the eye icon appears when it completes. [CONFIRM: whether the window then opens automatically or only the icon changes]",04-Vessels/11-how-to-open-company-search-from-a-vessel-page.md,,
44,Vessels,How to search for company details from a vessel page,[CONFIRM: whether this feature is limited to certain accounts or subscriptions. Nothing in the page limits it.],04-Vessels/11-how-to-open-company-search-from-a-vessel-page.md,,
45,Ports,How to open and read a port page,"Select the port you want. [CONFIRM] how a port is located on this tab (search box, list rows, add button) because that screen is outside this page's code. You can also use Search in the main navigation and pick a port from the results.",05-Ports/01-how-to-open-and-read-a-port-page.md,,
46,Ports,How to open and read a port page,"On Congestion and Utilisation, review the port's congestion analytics. [CONFIRM] the content of this tab, which is covered in a separate article.",05-Ports/01-how-to-open-and-read-a-port-page.md,,
47,Ports,How to open and read a port page,"Auto-Screen Vessels and the SEVERITY options (Critical, OK, Warning, Unscored) in notifications need PurpleTRAC Auto-Screening. If it is not enabled for you, the tooltip says to contact your account manager. [CONFIRM] exact email behaviour.",05-Ports/01-how-to-open-and-read-a-port-page.md,,
48,Ports,How to open and read a port page,"[CONFIRM] There is no port switcher on the page. To change port, use Search, Library, or select a vessel's port link elsewhere in the app.",05-Ports/01-how-to-open-and-read-a-port-page.md,,
49,Ports,How to open and read a port page,"An error page appears instead of the port — Check the port ID in the address, then try again. [CONFIRM] exact error text.",05-Ports/01-how-to-open-and-read-a-port-page.md,,
50,Ports,How to view live port traffic on the map,"[CONFIRM] how ""in port"" and ""inbound"" are defined, and the data sources and freshness of ATA and ETA.",05-Ports/02-how-to-view-live-port-traffic-on-the-map.md,,
51,Ports,How to view live port traffic on the map,[CONFIRM] how the Performance figures and the arrival and departure counts are calculated.,05-Ports/02-how-to-view-live-port-traffic-on-the-map.md,,
52,Ports,How to view live port traffic on the map,[CONFIRM] map marker interactions (hover or click) as they depend on shared map code.,05-Ports/02-how-to-view-live-port-traffic-on-the-map.md,,
53,Ports,How to view live port traffic on the map,The map is blank or shows a missing-token notice — Contact support. [CONFIRM] wording and cause.,05-Ports/02-how-to-view-live-port-traffic-on-the-map.md,,
54,Ports,How to view live port traffic on the map,"The vessel count differs from the markers on the map — The ""No mappable vessels"" message means some vessels have no usable position. [CONFIRM]",05-Ports/02-how-to-view-live-port-traffic-on-the-map.md,,
55,Ports,How to read port congestion and utilisation,The tab is only shown to accounts that have the Meridia feature. Locked sections lead to Contact us details. [CONFIRM: exact entitlement behaviour for this tab],05-Ports/03-how-to-read-port-congestion-and-utilisation.md,,
56,Ports,How to read port congestion and utilisation,Preset periods end yesterday (UTC). [CONFIRM: the time basis of the charts],05-Ports/03-how-to-read-port-congestion-and-utilisation.md,,
57,Ports,How to read port congestion and utilisation,"How arrivals, unique arrivals, dwell time and congestion are calculated is not described in the app. [CONFIRM: definitions of Arrivals, Unique Arrivals per Day and Dwell time at berth]",05-Ports/03-how-to-read-port-congestion-and-utilisation.md,,
58,Ports,How to view inbound vessels,"Inbound vessels are based on the destination vessels report. Only vessels whose destination was updated in the last 60 days and that have not yet arrived are included. [CONFIRM: how a vessel is matched to the port and the meaning of ""reported""]",05-Ports/04-how-to-view-inbound-vessels.md,,
59,Ports,How to view inbound vessels,Access depends on your account's features. Locked content leads to Contact us details. [CONFIRM: whether inbound vessels is a premium feature],05-Ports/04-how-to-view-inbound-vessels.md,,
60,Ports,How to view inbound vessels,Select a column heading to sort. Open the side panel to show or hide columns. [CONFIRM: side panel label],05-Ports/04-how-to-view-inbound-vessels.md,,
61,Ports,How to view inbound vessels,"Export on this view offers 24h, 7d, 30d or All (no custom range). The file appears under Notifications then Downloads; export times are in UTC. [CONFIRM: file format and whether time frame windows match the table]",05-Ports/04-how-to-view-inbound-vessels.md,,
62,Ports,How to view inbound vessels,Navigational Status (status) may show a number rather than a text description. [CONFIRM: status code meanings],05-Ports/04-how-to-view-inbound-vessels.md,,
63,Ports,How to view inbound vessels,A vessel is missing — Its destination may be older than 60 days or already marked arrived. [CONFIRM],05-Ports/04-how-to-view-inbound-vessels.md,,
64,Ports,How to read the port events table,"To show more columns, use the side panel of the table and tick the columns you want. [CONFIRM: side panel label]",05-Ports/05-how-to-read-the-port-events-table.md,,
65,Ports,How to read the port events table,"Event types: Area Arrival and Area Departure relate to the port area, Arrival and Departure to the port, and Berth Arrival and Berth Departure to a berth. [CONFIRM: exact definitions and how area differs from port]",05-Ports/05-how-to-read-the-port-events-table.md,,
66,Ports,How to read the port events table,"In Export you choose Event type and Date range (Today, Yesterday, Last 7 Days, Last 30 Days, Last 90 Days or Custom), then select Request export. When ready it appears under Notifications then Downloads. A note says berth events are not included, so export those separately. [CONFIRM: berth export route and file format]",05-Ports/05-how-to-read-the-port-events-table.md,,
67,Ports,How to read the port events table,Some events are missing — Berth and port events load separately. Select Refresh if one set is missing. [CONFIRM: no error message is shown],05-Ports/05-how-to-read-the-port-events-table.md,,
68,Ports,How to view berths in a port,"Berth information is part of a premium section. It is visible only to entitled accounts. If you do not see the Berths tab, contact your Meridia administrator or use Contact us. [CONFIRM: exact entitlement and what non-entitled users see]",05-Ports/06-how-to-view-berths-in-a-port.md,,
69,Ports,How to view berths in a port,"To clear your filters, select Reset Filters. It is greyed out when no filter is applied. [CONFIRM: whether Reset Filters restores all options or clears them]",05-Ports/06-how-to-view-berths-in-a-port.md,,
70,Ports,How to view berths in a port,"Length — Berth length. [CONFIRM: unit, shown as metres in the data]",05-Ports/06-how-to-view-berths-in-a-port.md,,
71,Ports,How to view berths in a port,Max LOA — Maximum vessel length overall the berth takes. [CONFIRM: unit],05-Ports/06-how-to-view-berths-in-a-port.md,,
72,Ports,How to view berths in a port,Max DWT — Maximum deadweight the berth takes. [CONFIRM: unit],05-Ports/06-how-to-view-berths-in-a-port.md,,
73,Ports,How to view berths in a port,Depth (LW) — Depth at low water. [CONFIRM: unit],05-Ports/06-how-to-view-berths-in-a-port.md,,
74,Ports,How to view berths in a port,"Min dwell, Avg dwell, Median dwell, Max dwell — Minimum, average, median and maximum dwell time for the selected period. [CONFIRM: unit (hours?) and how dwell time is calculated]",05-Ports/06-how-to-view-berths-in-a-port.md,,
75,Ports,How to view berths in a port,Expand All is greyed out — It is disabled when no filter is applied. [CONFIRM: this looks like unintended behaviour],05-Ports/06-how-to-view-berths-in-a-port.md,,
76,Ports,How to view berth details and dwell time,This section is premium and visible only to entitled accounts. [CONFIRM: entitlement behaviour],05-Ports/07-how-to-view-berth-details-and-dwell-time.md,,
77,Ports,How to view berth details and dwell time,"Read the Dwell time at berth chart on the right. Its subtitle says, for example, ""Daily avg and median dwell time"". [CONFIRM: Daily or Weekly is chosen by the system, not by you]",05-Ports/07-how-to-view-berth-details-and-dwell-time.md,,
78,Ports,How to view berth details and dwell time,"The Top vessels by dwell time table has the columns Vessel, Type, Visits, Total Dwell and Avg Dwell, with the note ""ranked by total time at berth"". Select a row to open that vessel's page. [CONFIRM: when this table appears instead of the occupancy timeline; the choice comes from the data, not from a control]",05-Ports/07-how-to-view-berth-details-and-dwell-time.md,,
79,Ports,How to view berth details and dwell time,How dwell time is calculated and its unit in the box and table are [CONFIRM].,05-Ports/07-how-to-view-berth-details-and-dwell-time.md,,
80,Ports,How to view berth details and dwell time,"The berth name reads ""Unkown Berth"" — The name could not be loaded. Go Back and reopen the berth. [CONFIRM: spelling in the product is ""Unkown""]",05-Ports/07-how-to-view-berth-details-and-dwell-time.md,,
81,Ports,How to view vessel occupancy at a berth,This is part of a premium section visible only to entitled accounts. [CONFIRM: entitlement behaviour],05-Ports/08-how-to-view-vessel-occupancy-at-a-berth.md,,
82,Ports,How to view vessel occupancy at a berth,Whether you see the timeline or the Top vessels by dwell time table depends on the data returned for the berth and period. There is no switch. [CONFIRM: rule],05-Ports/08-how-to-view-vessel-occupancy-at-a-berth.md,,
83,Ports,How to view vessel occupancy at a berth,Times in tooltips are shown in UTC. [CONFIRM],05-Ports/08-how-to-view-vessel-occupancy-at-a-berth.md,,
84,Ports,How to view vessel occupancy at a berth,"Gaps are shown in orange and vessels in red-orange. [CONFIRM: how gaps are defined, and that the timeline fills uncovered time as gaps]",05-Ports/08-how-to-view-vessel-occupancy-at-a-berth.md,,
85,Ports,How to view vessel occupancy at a berth,"Duration in the vessel tooltip is shown as a plain number. [CONFIRM: unit, likely hours]",05-Ports/08-how-to-view-vessel-occupancy-at-a-berth.md,,
86,Ports,How to view vessel occupancy at a berth,"The file is a CSV with one row per berth. Its columns are Terminal Name, Berth, Type, Vessel types, Handling, Length, Max LOA, Max DWT, Depth (LW), Min dwell, Avg dwell, Median dwell and Max dwell. [CONFIRM: the file is built by the server, so its columns may differ from the on-screen table]",05-Ports/08-how-to-view-vessel-occupancy-at-a-berth.md,,
87,Ports,How to view vessel occupancy at a berth,"Berth arrival and departure events appear in the port's Events tab as Berth Arrivals and Berth Departures. [CONFIRM: columns shown there; the berth-specific column set (TimeStamp, Berth Name, Event, Vessel, IMO, Type, Flag, optional Call Sign, Course, MMSI, Draught, Heading, Latitude, Longitude, Reported Destination, Reported ETA, Speed) was not found in use on any screen]",05-Ports/08-how-to-view-vessel-occupancy-at-a-berth.md,,
88,Ports,How to view vessel occupancy at a berth,I see a table instead of a timeline — The page shows Top vessels by dwell time for this berth and period. [CONFIRM],05-Ports/08-how-to-view-vessel-occupancy-at-a-berth.md,,
89,Zones,How to open and read a zone page,"Select the zone you want. [CONFIRM] how a zone is located on this tab (search box, list rows) because that screen is outside this page's code. You can also use Search and pick a zone from the results.",06-Zones/01-how-to-open-and-read-a-zone-page.md,,
90,Zones,How to open and read a zone page,"Newly created custom zones show a banner: ""Traffic analytics will be available 24 hours after zone creation. Data is processed daily."" It appears on Overview and Traffic and disappears after that period. [CONFIRM] the processing schedule and what happens if the zone was created in a test environment.",06-Zones/01-how-to-open-and-read-a-zone-page.md,,
91,Zones,How to open and read a zone page,"[CONFIRM] There is no zone switcher on the page. To change zone, use Search or Library.",06-Zones/01-how-to-open-and-read-a-zone-page.md,,
92,Zones,How to open and read a zone page,"An error page appears instead of the zone — Check the zone ID in the address, then try again. [CONFIRM] exact error text.",06-Zones/01-how-to-open-and-read-a-zone-page.md,,
93,Zones,How to view live zone traffic on the map,"Select a vessel marker to see a popup with name, IMO, vessel type, flag, reported destination and ETA, timestamp and speed/course. The popup says ""Click vessel for more details"". [CONFIRM] which fields appear for each marker.",06-Zones/02-how-to-view-live-zone-traffic-on-the-map.md,,
94,Zones,How to view live zone traffic on the map,"The map shows custom zones from their saved shape, and other zones from the zone boundary. [CONFIRM] how boundaries are sourced.",06-Zones/02-how-to-view-live-zone-traffic-on-the-map.md,,
95,Zones,How to view live zone traffic on the map,"[CONFIRM] What counts as ""in the zone"" and how often positions update, since this depends on backend data.",06-Zones/02-how-to-view-live-zone-traffic-on-the-map.md,,
96,Zones,How to view live zone traffic on the map,The map is blank — [CONFIRM] A message appears if the map service is not configured; contact your account manager.,06-Zones/02-how-to-view-live-zone-traffic-on-the-map.md,,
97,Zones,How to read zone traffic charts,"For Custom, enter a Start date and End date and apply. [CONFIRM] the exact apply button label, which is outside this page's code. The date picker accepts dates within the last two years.",06-Zones/03-how-to-read-zone-traffic-charts.md,,
98,Zones,How to read zone traffic charts,Visits — Number of visits [CONFIRM] how a visit is counted,06-Zones/03-how-to-read-zone-traffic-charts.md,,
99,Zones,How to read zone traffic charts,"[CONFIRM] How entries, exits and unique entries per day are calculated, whether the end date is included, and the data cut-off (the presets end yesterday).",06-Zones/03-how-to-read-zone-traffic-charts.md,,
100,Zones,How to read zone traffic charts,[CONFIRM] What the Vessel Class values mean for each type.,06-Zones/03-how-to-read-zone-traffic-charts.md,,
101,Zones,How to read the zone events table,"Wait for ""Export queued"", then select Done. [CONFIRM] where the finished file is delivered or downloaded.",06-Zones/04-how-to-read-the-zone-events-table.md,,
102,Zones,How to read the zone events table,Columns hidden by default (shown through the table's column controls; [CONFIRM] how to reveal them):,06-Zones/04-how-to-read-the-zone-events-table.md,,
103,Zones,How to read the zone events table,"Empty values show ""-"". [CONFIRM] units for course, heading, speed and draught, and how an event is detected.",06-Zones/04-how-to-read-the-zone-events-table.md,,
104,Zones,How to read the zone events table,The table is empty after an error — Select Refresh. [CONFIRM] whether an error message is shown.,06-Zones/04-how-to-read-the-zone-events-table.md,,
105,Custom zones,How to view and manage your custom zones,"The table lists your custom zones, 20 per page [CONFIRM: pagination controls and whether the list is capped]. While you search, the count reads for example 3 results for ""gulf"".",07-Custom-zones/02-how-to-view-and-manage-custom-zones.md,,
106,Custom zones,How to view and manage your custom zones,The Type column shows the zone's shape (for example Polygon or Circle) [CONFIRM: exact wording shown].,07-Custom-zones/02-how-to-view-and-manage-custom-zones.md,,
107,Custom zones,How to create a custom zone,Your account needs access to custom zones [CONFIRM: entitlement wording].,07-Custom-zones/03-how-to-create-a-custom-zone.md,,
108,Custom zones,How to create a custom zone,"Switching between Polygon and Circle remembers what you drew for each type, but only the most recent shape is kept [CONFIRM].",07-Custom-zones/03-how-to-create-a-custom-zone.md,,
109,Custom zones,How to create a custom zone,Other save error — Try again; if it persists contact support [CONFIRM: server-side limits such as maximum number of zones].,07-Custom-zones/03-how-to-create-a-custom-zone.md,,
110,Custom zones,How to upload a zone shape file or GeoJSON,"Circles can come from a GeoJSON point with a radius, or from WKT POINT or CIRCLE. If no radius is given, 1000 m is used [CONFIRM: confirm this default is intended].",07-Custom-zones/04-how-to-upload-a-zone-shape-file-or-geojson.md,,
111,Custom zones,How to upload a zone shape file or GeoJSON,Maximum file size [CONFIRM].,07-Custom-zones/04-how-to-upload-a-zone-shape-file-or-geojson.md,,
112,Custom zones,How to edit a custom zone,Deleting a zone is not available in the screen [CONFIRM].,07-Custom-zones/05-how-to-edit-a-custom-zone.md,,
113,Fleets,How to create a fleet,"In Add Vessels, stay on the Search tab and type a vessel name or IMO number in Search vessel name or IMO.... [CONFIRM] Search starts after you type at least 3 characters.",08-Fleets/02-how-to-create-a-fleet.md,,
114,Fleets,How to create a fleet,"IMOs that can't be added: a yellow panel shows ""N IMOs couldn't be added"" with counts of ""not found"" and ""invalid format"". Click it to see each IMO and the reason, and use the X or Dismiss all to clear them. The reasons come from the system. [CONFIRM]",08-Fleets/02-how-to-create-a-fleet.md,,
115,Fleets,How to open and read a fleet page,"The table view in Overview shows the columns Vessel, IMO, MMSI, Type, Class, Flag, Nav Status, MTI Score (only if you have it), Next Port, Last Reported, Speed and Course. You can sort by any column and search with Search vessels.... [CONFIRM] how each value is sourced.",08-Fleets/03-how-to-open-and-read-a-fleet-page.md,,
116,Fleets,How to open and read a fleet page,"Above the table, ""Showing X of Y vessels"" tells you how many vessels match, plus the number of filters applied. Its menu offers Export Data (CSV). [CONFIRM] exact CSV contents and file name (see report note).",08-Fleets/03-how-to-open-and-read-a-fleet-page.md,,
117,Fleets,How to open and read a fleet page,"Locked scores in the vessel panel (see ""How to view your fleet on the map"") show a lock with an Unlock prompt. [CONFIRM] the ""Contact us"" details shown on click, because the code shows an ""Available on request."" hover card with a More about ... link.",08-Fleets/03-how-to-open-and-read-a-fleet-page.md,,
118,Fleets,How to open and read a fleet page,No Fleets tab in Library — Fleet management is not enabled for you. Ask your account manager. [CONFIRM],08-Fleets/03-how-to-open-and-read-a-fleet-page.md,,
119,Fleets,How to open and read a fleet page,"An error page appears instead of the fleet — Check you opened a fleet you can access, then try again. [CONFIRM] exact error text.",08-Fleets/03-how-to-open-and-read-a-fleet-page.md,,
120,Fleets,How to view your fleet on the map,"PurpleTRAC screening and MTI score need the matching access. Without it you see a lock with Unlock. Hover to read what it offers. [CONFIRM] the ""Contact us"" step that opens on click: in the code this is an ""Available on request."" card with a More about PurpleTRAC or More about MTI link.",08-Fleets/04-how-to-view-your-fleet-on-the-map.md,,
121,Fleets,How to view your fleet on the map,Marker colours come from the vessel type. Types without a set colour use a default. [CONFIRM] the full colour list.,08-Fleets/04-how-to-view-your-fleet-on-the-map.md,,
122,Fleets,How to view your fleet on the map,The map is blank or shows a notice about a missing token — The map service is not configured. Contact support. [CONFIRM],08-Fleets/04-how-to-view-your-fleet-on-the-map.md,,
123,Fleets,How to read fleet composition,"Grey bars are labelled ""unknown"", or values outside your current flag or class selection. [CONFIRM] exactly when grey is used.",08-Fleets/05-how-to-read-fleet-composition.md,,
124,Fleets,How to read fleet composition,"[CONFIRM] how Average age, Total DWT, the size bands in Class and Age profile, and the Share percentages are calculated, and which units Dimensions uses.",08-Fleets/05-how-to-read-fleet-composition.md,,
125,Fleets,How to read fleet composition,Export Image (PNG) does nothing in Show all view — Switch back to Show top 5 and export again. [CONFIRM],08-Fleets/05-how-to-read-fleet-composition.md,,
126,Fleets,How to view fleet events,Open the column panel on the side of the table to add or hide columns. [CONFIRM] where it appears on screen.,08-Fleets/06-how-to-view-fleet-events.md,,
127,Fleets,How to view fleet events,Location Type — Kind of location. [CONFIRM] values.,08-Fleets/06-how-to-view-fleet-events.md,,
128,Fleets,How to view fleet events,"[CONFIRM] the exact definitions of AIS Gap, STS Pairing, Positional Discrepancy and Area Arrival/Departure events.",08-Fleets/06-how-to-view-fleet-events.md,,
129,Fleets,How to view fleet events,There are no notification settings on the fleet page. [CONFIRM] whether fleet alerts exist elsewhere.,08-Fleets/06-how-to-view-fleet-events.md,,
130,Fleets,How to edit or delete a fleet,Editing a fleet can't be done from the list view's rows; use the cards. [CONFIRM] whether list view offers fleet actions.,08-Fleets/07-how-to-edit-or-delete-a-fleet.md,,
131,Fleets,How to edit or delete a fleet,No Edit or Delete option — Your account may not have fleet management; contact your administrator. [CONFIRM],08-Fleets/07-how-to-edit-or-delete-a-fleet.md,,
132,Notifications,How to open and read your notifications,Removing an item with the x only removes it from the panel list. It does not delete it from the Notifications page [CONFIRM].,09-Notifications/01-how-to-open-and-read-your-notifications.md,,
133,Notifications,How to filter and manage the Notifications page,"The options under Show Notifications are loaded for your account; the labels include All [CONFIRM exact list, expected: All, last 7 days, last 24 hours].",09-Notifications/02-how-to-filter-and-manage-notifications-page.md,,
134,Notifications,How to filter and manage the Notifications page,The table loads up to 500 notifications at a time [CONFIRM paging behaviour beyond this].,09-Notifications/02-how-to-filter-and-manage-notifications-page.md,,
135,Notifications,How to filter and manage the Notifications page,"Risk values come from PurpleTRAC Auto-Screening [CONFIRM]. Tooltips say auto-screening is currently only available for Port Area Arrival and Zone Entry events, and not for tug and push-boat vessels.",09-Notifications/02-how-to-filter-and-manage-notifications-page.md,,
136,Notifications,How to turn notifications on for a port or zone,Turning Enable Live Notifications on switches on all events for that item [CONFIRM defaults]. Turning it off switches off all events and email.,09-Notifications/03-how-to-turn-notifications-on-for-a-port-or-zone.md,,
137,Notifications,How to turn notifications on for a port or zone,Which accounts see the lock vs. the toggle depends on account permissions [CONFIRM].,09-Notifications/03-how-to-turn-notifications-on-for-a-port-or-zone.md,,
138,Notifications,How to download your exports,"Request an export from a port, zone, vessel or fleet page first [CONFIRM where export is requested].",09-Notifications/04-how-to-download-your-exports.md,,
139,Notifications,How to download your exports,The panel only lists exports requested recently in this browser. The page lists recent exports [CONFIRM how many].,09-Notifications/04-how-to-download-your-exports.md,,
140,Meridia IQ,How to start a chat with Meridia IQ,"Meridia IQ appears only for users whose account has access to it. If you do not see Meridia IQ in the left sidebar, ask your administrator. [CONFIRM: wording for how access is granted]",10-Meridia-IQ/01-how-to-start-a-chat-with-meridia-iq.md,,
141,Meridia IQ,How to start a chat with Meridia IQ,"What Meridia IQ can and cannot answer, and which data it uses. [CONFIRM]",10-Meridia-IQ/01-how-to-start-a-chat-with-meridia-iq.md,,
142,Meridia IQ,How to start a chat with Meridia IQ,"The example questions mention vessels by IMO number, ports and zones such as the Strait of Hormuz. [CONFIRM: whether these examples are guaranteed to return results]",10-Meridia-IQ/01-how-to-start-a-chat-with-meridia-iq.md,,
143,Meridia IQ,How to start a chat with Meridia IQ,"A message starting ""Error:"" appears instead of an answer — Try asking again. [CONFIRM: recommended action]",10-Meridia-IQ/01-how-to-start-a-chat-with-meridia-iq.md,,
144,Meridia IQ,"How to read Meridia IQ answers, maps and score tables","Score cells are green, amber or red. Colour thresholds seen in the app: 3.5 and above is green, 2.0 and above is amber, below 2.0 is red. [CONFIRM: meaning of the scores and colours]",10-Meridia-IQ/02-how-to-read-meridia-iq-answers-and-maps.md,,
145,Meridia IQ,"How to read Meridia IQ answers, maps and score tables",Meaning of each event type and marker colour. [CONFIRM],10-Meridia-IQ/02-how-to-read-meridia-iq-answers-and-maps.md,,
146,Meridia IQ,"How to read Meridia IQ answers, maps and score tables","Accuracy of answers. [CONFIRM] The app itself advises: ""We recommend verifying key information.""",10-Meridia-IQ/02-how-to-read-meridia-iq-answers-and-maps.md,,
147,Meridia IQ,"How to read Meridia IQ answers, maps and score tables","Map is blank — Collapse and expand it again, or refresh the page. [CONFIRM]",10-Meridia-IQ/02-how-to-read-meridia-iq-answers-and-maps.md,,
148,Meridia IQ,"How to read Meridia IQ answers, maps and score tables","Answer shows ""No response text"" — Ask the question again. [CONFIRM]",10-Meridia-IQ/02-how-to-read-meridia-iq-answers-and-maps.md,,
149,Meridia IQ,"How to ask Meridia IQ about a vessel, port or zone",Quality and coverage of these summaries. [CONFIRM],10-Meridia-IQ/03-how-to-ask-iq-about-a-vessel-port-or-zone.md,,
150,Meridia IQ,How to manage your Meridia IQ chat history,Each chat has its own web address ending in the chat's ID. You can bookmark it to return to the chat later. [CONFIRM: whether others can open a shared link],10-Meridia-IQ/04-how-to-manage-your-chat-history.md,,
151,Meridia IQ,How to manage your Meridia IQ chat history,The list loads the 20 most recent chats. [CONFIRM: how to reach older chats],10-Meridia-IQ/04-how-to-manage-your-chat-history.md,,
152,Meridia IQ,How to manage your Meridia IQ chat history,How long chats are kept. [CONFIRM],10-Meridia-IQ/04-how-to-manage-your-chat-history.md,,
153,(held article),How to add vessels to a fleet with filters,"Filters named Vessel Flag, Vessel Type, Vessel Class and MTI Score (MTI shown only if the account has it). [CONFIRM] Options come from the fleet's own vessels.",fleets/_unpublished/how-to-add-vessels-to-a-fleet-with-filters.md,,
154,(held article),How to view port details and facilities,[CONFIRM] The Details tab is switched off in the current front-end build: it is not in the tab bar on the port page. Publish this article only when the tab is enabled.,ports/_unpublished/how-to-view-port-details-and-facilities.md,,
155,(held article),How to view port details and facilities,"When enabled, the data comes from World Port Index (WPI) records. [CONFIRM] the data source, edition and update date.",ports/_unpublished/how-to-view-port-details-and-facilities.md,,
156,(held article),How to view port details and facilities,Only categories and fields with data from the port record are listed. [CONFIRM] whether empty categories are hidden.,ports/_unpublished/how-to-view-port-details-and-facilities.md,,
157,(held article),How to view port details and facilities,"[CONFIRM] the units shown for dimensions, and the meaning of Facilities fields (only labels are in the code).",ports/_unpublished/how-to-view-port-details-and-facilities.md,,
158,(held article),How to view port details and facilities,[CONFIRM] the Export file layout. It writes one header row and one value row of the WPI fields.,ports/_unpublished/how-to-view-port-details-and-facilities.md,,
159,(held article),How to view port details and facilities,"[CONFIRM] the label ""Harbor"" (US spelling) is as shown in the app.",ports/_unpublished/how-to-view-port-details-and-facilities.md,,
160,(held article),How to edit or delete a custom zone,"In the zone's row, click the three-dot icon in Actions and choose Delete [CONFIRM: not live; label unverified in UI].",zones/_unpublished/how-to-edit-or-delete-a-custom-zone.md,,
161,(held article),How to edit or delete a custom zone,"Confirm in the dialog that reads ""Are you sure you want to delete this custom zone?"" [CONFIRM: browser confirm dialog in code; intended final design unknown].",zones/_unpublished/how-to-edit-or-delete-a-custom-zone.md,,
